{"cameraMode":{"drawMode":0,"name":"Shaded","section":"Shading Mode"},"sceneLighting":true,"audioPlay":false,"sceneViewState":{"showFog":true,"showMaterialUpdate":false,"showSkybox":true,"showFlares":true,"showImageEffects":true,"showParticleSystems":true},"in2DMode":false,"pivot":{"x":91.94181823730469,"y":-23.17489242553711,"z":63.804786682128909},"rotation":{"x":0.34531980752944949,"y":-0.1392018049955368,"z":0.05187350884079933,"w":0.9266585111618042},"size":32.5749397277832,"orthographic":false}