{"cameraMode":{"drawMode":0,"name":"Shaded","section":"Shading Mode"},"sceneLighting":true,"audioPlay":false,"sceneViewState":{"showFog":true,"showMaterialUpdate":false,"showSkybox":true,"showFlares":true,"showImageEffects":true,"showParticleSystems":true},"in2DMode":false,"pivot":{"x":28.35090446472168,"y":2.487661600112915,"z":11.682229042053223},"rotation":{"x":0.07145355641841889,"y":0.7967877388000488,"z":-0.09605573862791062,"w":0.5923426747322083},"size":4.839197158813477,"orthographic":false}