{"cameraMode":{"drawMode":0,"name":"Shaded","section":"Shading Mode"},"sceneLighting":true,"audioPlay":false,"sceneViewState":{"showFog":true,"showMaterialUpdate":false,"showSkybox":true,"showFlares":true,"showImageEffects":true,"showParticleSystems":true},"in2DMode":false,"pivot":{"x":113.83732604980469,"y":-296.4214782714844,"z":113.36022186279297},"rotation":{"x":-0.515722930431366,"y":-0.23946911096572877,"z":0.1528262346982956,"w":-0.8083464503288269},"size":178.00308227539063,"orthographic":false}