{"cameraMode":{"drawMode":0,"name":"Shaded","section":"Shading Mode"},"sceneLighting":true,"audioPlay":false,"sceneViewState":{"showFog":true,"showMaterialUpdate":false,"showSkybox":true,"showFlares":true,"showImageEffects":true,"showParticleSystems":true},"in2DMode":false,"pivot":{"x":29.626937866210939,"y":7.291154861450195,"z":42.13166809082031},"rotation":{"x":-0.0012013951782137156,"y":-0.047105222940444949,"z":0.00017689939704723656,"w":-0.9989733695983887},"size":16.92447280883789,"orthographic":false}