{"cameraMode":{"drawMode":0,"name":"Shaded","section":"Shading Mode"},"sceneLighting":true,"audioPlay":false,"sceneViewState":{"showFog":true,"showMaterialUpdate":false,"showSkybox":true,"showFlares":true,"showImageEffects":true,"showParticleSystems":true},"in2DMode":false,"pivot":{"x":507.7933044433594,"y":72.04390716552735,"z":107.74945831298828},"rotation":{"x":0.29553931951522829,"y":0.1657075136899948,"z":-0.0521334670484066,"w":0.9394098520278931},"size":49.59914779663086,"orthographic":false}