{"cameraMode":{"drawMode":0,"name":"Shaded","section":"Shading Mode"},"sceneLighting":false,"audioPlay":false,"sceneViewState":{"showFog":true,"showMaterialUpdate":false,"showSkybox":false,"showFlares":true,"showImageEffects":true,"showParticleSystems":true},"in2DMode":false,"pivot":{"x":8.119999885559082,"y":1.2699999809265137,"z":10.869999885559082},"rotation":{"x":-0.20433409512043,"y":-0.05430576577782631,"z":0.01136731542646885,"w":-0.9773532152175903},"size":0.8660253882408142,"orthographic":false}