{"cameraMode":{"drawMode":0,"name":"Shaded","section":"Shading Mode"},"sceneLighting":true,"audioPlay":false,"sceneViewState":{"showFog":true,"showMaterialUpdate":false,"showSkybox":true,"showFlares":true,"showImageEffects":true,"showParticleSystems":true},"in2DMode":false,"pivot":{"x":26.58551597595215,"y":-4.016338348388672,"z":-19.920942306518556},"rotation":{"x":-0.25909385085105898,"y":0.14592403173446656,"z":-0.039632510393857959,"w":-0.9539597630500794},"size":8.496740341186524,"orthographic":false}