{"cameraMode":{"drawMode":0,"name":"Shaded","section":"Shading Mode"},"sceneLighting":true,"audioPlay":false,"sceneViewState":{"showFog":true,"showMaterialUpdate":false,"showSkybox":false,"showFlares":true,"showImageEffects":true,"showParticleSystems":true},"in2DMode":false,"pivot":{"x":32.290000915527347,"y":8.581135749816895,"z":32.34000015258789},"rotation":{"x":-0.07369641959667206,"y":0.7956185340881348,"z":-0.09925239533185959,"w":-0.593441367149353},"size":13.079874038696289,"orthographic":false}