{"cameraMode":{"drawMode":0,"name":"Shaded","section":"Shading Mode"},"sceneLighting":true,"audioPlay":false,"sceneViewState":{"showFog":true,"showMaterialUpdate":false,"showSkybox":true,"showFlares":true,"showImageEffects":true,"showParticleSystems":true},"in2DMode":false,"pivot":{"x":18.172304153442384,"y":2.156996726989746,"z":4.423400402069092},"rotation":{"x":0.044985029846429828,"y":0.7762691974639893,"z":-0.05575436353683472,"w":0.6263226270675659},"size":2.9182162284851076,"orthographic":false}