{"cameraMode":{"drawMode":0,"name":"Shaded","section":"Shading Mode"},"sceneLighting":false,"audioPlay":false,"sceneViewState":{"showFog":true,"showMaterialUpdate":false,"showSkybox":false,"showFlares":true,"showImageEffects":true,"showParticleSystems":true},"in2DMode":false,"pivot":{"x":0.9497518539428711,"y":3.9551405906677248,"z":-0.3266427516937256},"rotation":{"x":-0.07488541305065155,"y":0.36369583010673525,"z":-0.029083892703056337,"w":-0.9282326102256775},"size":5.486575603485107,"orthographic":false}