{"cameraMode":{"drawMode":0,"name":"Shaded","section":"Shading Mode"},"sceneLighting":true,"audioPlay":false,"sceneViewState":{"showFog":true,"showMaterialUpdate":false,"showSkybox":false,"showFlares":true,"showImageEffects":true,"showParticleSystems":true},"in2DMode":false,"pivot":{"x":95.69999694824219,"y":2.0,"z":30.200000762939454},"rotation":{"x":0.08168689161539078,"y":0.4682738184928894,"z":-0.04354448243975639,"w":0.878752589225769},"size":2.4494898319244386,"orthographic":false}